{"cameraMode":{"drawMode":0,"name":"Shaded","section":"Shading Mode"},"sceneLighting":true,"audioPlay":false,"sceneViewState":{"showFog":true,"showMaterialUpdate":false,"showSkybox":false,"showFlares":true,"showImageEffects":true,"showParticleSystems":true},"in2DMode":false,"pivot":{"x":-0.039999961853027347,"y":1.312999963760376,"z":0.08499908447265625},"rotation":{"x":-0.2246951460838318,"y":-0.2930572032928467,"z":0.07106436043977738,"w":-0.9265955686569214},"size":76.03154754638672,"orthographic":false}