{"cameraMode":{"drawMode":0,"name":"Shaded","section":"Shading Mode"},"sceneLighting":false,"audioPlay":false,"sceneViewState":{"showFog":true,"showMaterialUpdate":false,"showSkybox":false,"showFlares":true,"showImageEffects":true,"showParticleSystems":true},"in2DMode":false,"pivot":{"x":0.30000001192092898,"y":0.0,"z":-0.7437499761581421},"rotation":{"x":-0.2891678512096405,"y":0.01663897931575775,"z":-0.005027506500482559,"w":-0.9571206569671631},"size":1.0758662223815919,"orthographic":false}